id,name,seasons,wiki_page_url
1,Tanya McQuoid,"[""Season 1"", ""Season 2""]",https://thewhitelotus.fandom.com/wiki/Tanya_McQuoid-Hunt
2,Greg Hunt,"[""Season 1"", ""Season 2"", ""Season 3""]",https://thewhitelotus.fandom.com/wiki/Greg_Hunt
3,Belinda,"[""Season 1"", ""Season 3""]",https://thewhitelotus.fandom.com/wiki/Belinda_Lindsey
4,Armond,"[""Season 1""]",https://thewhitelotus.fandom.com/wiki/Armond
5,Shane Patton,"[""Season 1""]",https://thewhitelotus.fandom.com/wiki/Shane_Patton
6,Rachel Patton,"[""Season 1""]",https://thewhitelotus.fandom.com/wiki/Rachel_Patton
7,Nicole Mossbacher,"[""Season 1""]",https://thewhitelotus.fandom.com/wiki/Nicole_Mossbacher
8,Mark Mossbacher,"[""Season 1""]",https://thewhitelotus.fandom.com/wiki/Mark_Mossbacher
9,Olivia Mossbacher,"[""Season 1""]",https://thewhitelotus.fandom.com/wiki/Olivia_Mossbacher
10,Paula,"[""Season 1""]",https://thewhitelotus.fandom.com/wiki/Paula
11,Quinn Mossbacher,"[""Season 1""]",https://thewhitelotus.fandom.com/wiki/Quinn_Mossbacher
12,Kai,"[""Season 1""]",https://thewhitelotus.fandom.com/wiki/Kai
13,Dillon,"[""Season 1""]",https://thewhitelotus.fandom.com/wiki/Dillon
14,Lani,"[""Season 1""]",https://thewhitelotus.fandom.com/wiki/Lani
15,Portia,"[""Season 2""]",https://thewhitelotus.fandom.com/wiki/Portia
16,Albie Di Grasso,"[""Season 2""]",https://thewhitelotus.fandom.com/wiki/Albie_Di_Grasso
17,Dominic Di Grasso,"[""Season 2""]",https://thewhitelotus.fandom.com/wiki/Dominic_Di_Grasso
18,Bert Di Grasso,"[""Season 2""]",https://thewhitelotus.fandom.com/wiki/Bert_Di_Grasso
19,Cameron Sullivan,"[""Season 2""]",https://thewhitelotus.fandom.com/wiki/Cameron_Sullivan
20,Daphne Sullivan,"[""Season 2""]",https://thewhitelotus.fandom.com/wiki/Daphne_Sullivan
21,Ethan Spiller,"[""Season 2""]",https://thewhitelotus.fandom.com/wiki/Ethan_Spiller
22,Harper Spiller,"[""Season 2""]",https://thewhitelotus.fandom.com/wiki/Harper_Spiller
23,Lucia,"[""Season 2""]",https://thewhitelotus.fandom.com/wiki/Lucia_Greco
24,Mia,"[""Season 2""]",https://thewhitelotus.fandom.com/wiki/Mia
25,Valentina,"[""Season 2""]",https://thewhitelotus.fandom.com/wiki/Valentina
26,Rocco,"[""Season 2""]",https://thewhitelotus.fandom.com/wiki/Rocco
27,Isabella,"[""Season 2""]",https://thewhitelotus.fandom.com/wiki/Isabella
28,Jack,"[""Season 2""]",https://thewhitelotus.fandom.com/wiki/Jack
29,Quentin,"[""Season 2""]",https://thewhitelotus.fandom.com/wiki/Quentin
30,Giuseppe,"[""Season 2""]",https://thewhitelotus.fandom.com/wiki/Giuseppe
31,Chloe,"[""Season 3""]",https://thewhitelotus.fandom.com/wiki/Chloe
32,Pornchai,"[""Season 3""]",https://thewhitelotus.fandom.com/wiki/Pornchai
33,Zion Lindsey,"[""Season 3""]",https://thewhitelotus.fandom.com/wiki/Zion_Lindsey
34,Piper Ratliff,"[""Season 3""]",https://thewhitelotus.fandom.com/wiki/Piper_Ratliff
35,Lochlan Ratliff,"[""Season 3""]",https://thewhitelotus.fandom.com/wiki/Lochlan_Ratliff
36,Timothy Ratliff,"[""Season 3""]",https://thewhitelotus.fandom.com/wiki/Timothy_Ratliff
37,Saxon Ratliff,"[""Season 3""]",https://thewhitelotus.fandom.com/wiki/Saxon_Ratliff
38,Victoria Ratliff,"[""Season 3""]",https://thewhitelotus.fandom.com/wiki/Victoria_Ratliff
39,Mook,"[""Season 3""]",https://thewhitelotus.fandom.com/wiki/Mook
40,Gaitok,"[""Season 3""]",https://thewhitelotus.fandom.com/wiki/Gaitok
41,Rick Hatchett,"[""Season 3""]",https://thewhitelotus.fandom.com/wiki/Rick_Hatchett
42,Sritala Hollinger,"[""Season 3""]",https://thewhitelotus.fandom.com/wiki/Sritala_Hollinger
43,Jaclyn Lemon,"[""Season 3""]",https://thewhitelotus.fandom.com/wiki/Jaclyn_Lemon
44,Jim Hollinger,"[""Season 3""]",https://thewhitelotus.fandom.com/wiki/Jim_Hollinger
45,Col. William Tavington,"[""Season 3""]",https://thewhitelotus.fandom.com/wiki/Col._William_Tavington
